측정시각,내부 온도 1 평균,내부 온도 1 최고,내부 온도 1 최저,내부 온도 2 평균,내부 온도 2 최고,내부 온도 2 최저,내부 온도 3 평균,내부 온도 3 최고,내부 온도 3 최저,내부 온도 4 평균,내부 온도 4 최고,내부 온도 4 최저,내부 습도 1 평균,내부 습도 1 최고,내부 습도 1 최저,내부 습도 2 평균,내부 습도 2 최고,내부 습도 2 최저,내부 습도 3 평균,내부 습도 3 최고,내부 습도 3 최저,내부 습도 4 평균,내부 습도 4 최고,내부 습도 4 최저,내부 이슬점 평균,내부 이슬점 최고,내부 이슬점 최저,내부 CO2 평균,내부 CO2 최고,내부 CO2 최저,외부 풍속 평균,외부 풍속 최고,외부 풍속 최저,내부 EC 1 평균,내부 EC 1 최고,내부 EC 1 최저,내부 PH 1 평균,내부 PH 1 최고,내부 PH 1 최저,배지 중량 평균,배지 중량 최고,배지 중량 최저,양액 온도 평균,양액 온도 최고,양액 온도 최저,외부 풍향 수치,외부 풍향,외부 빗물 시간,외부 누적일사 평균,양액 급액 누적,양액 배액 누적
2021-09-14 09:20:00,23.3,23.5,22.9,-,-,-,-,-,-,-,-,-,69.2,71.7,67.2,-,-,-,-,-,-,-,-,-,17.3,17.7,16.6,400.8,403.0,398.0,-,-,-,-,-,-,-,-,-,-,-,-,-,-,-,-,-,-,-,-,-
2021-09-14 09:10:00,22.7,22.9,22.4,-,-,-,-,-,-,-,-,-,72.4,73.4,71.2,-,-,-,-,-,-,-,-,-,17.7,17.9,17.0,406.6,415.0,401.0,-,-,-,-,-,-,-,-,-,-,-,-,-,-,-,-,-,-,-,-,-
2021-09-14 09:00:00,22.4,22.4,22.4,-,-,-,-,-,-,-,-,-,73.0,74.2,71.7,-,-,-,-,-,-,-,-,-,17.0,17.2,16.7,419.0,421.0,417.0,-,-,-,-,-,-,-,-,-,-,-,-,-,-,-,-,-,-,-,-,-
2021-09-14 08:50:00,22.5,22.6,22.4,-,-,-,-,-,-,-,-,-,71.6,72.9,70.1,-,-,-,-,-,-,-,-,-,17.6,17.9,17.0,412.1,417.0,406.0,-,-,-,-,-,-,-,-,-,-,-,-,-,-,-,-,-,-,-,-,-
2021-09-14 08:40:00,22.7,22.8,22.5,-,-,-,-,-,-,-,-,-,70.9,73.0,69.1,-,-,-,-,-,-,-,-,-,17.5,17.9,17.0,408.4,412.0,405.0,-,-,-,-,-,-,-,-,-,-,-,-,-,-,-,-,-,-,-,-,-
2021-09-14 08:30:00,22.5,22.8,22.1,-,-,-,-,-,-,-,-,-,72.5,74.5,69.4,-,-,-,-,-,-,-,-,-,17.4,17.9,17.0,404.8,409.0,401.0,-,-,-,-,-,-,-,-,-,-,-,-,-,-,-,-,-,-,-,-,-
2021-09-14 08:20:00,21.7,22.1,21.4,-,-,-,-,-,-,-,-,-,73.4,76.2,71.0,-,-,-,-,-,-,-,-,-,16.9,17.4,16.4,411.4,414.0,409.0,-,-,-,-,-,-,-,-,-,-,-,-,-,-,-,-,-,-,-,-,-
2021-09-14 08:10:00,21.0,21.3,20.8,-,-,-,-,-,-,-,-,-,77.6,79.1,76.0,-,-,-,-,-,-,-,-,-,16.9,17.2,16.6,413.6,416.0,410.0,-,-,-,-,-,-,-,-,-,-,-,-,-,-,-,-,-,-,-,-,-
2021-09-14 08:00:00,20.5,20.8,20.3,-,-,-,-,-,-,-,-,-,80.4,81.2,79.7,-,-,-,-,-,-,-,-,-,17.1,17.6,16.5,416.0,420.0,411.0,-,-,-,-,-,-,-,-,-,-,-,-,-,-,-,-,-,-,-,-,-
2021-09-14 07:50:00,20.0,20.2,19.7,-,-,-,-,-,-,-,-,-,80.5,81.0,79.7,-,-,-,-,-,-,-,-,-,16.6,16.7,16.5,419.1,422.0,415.0,-,-,-,-,-,-,-,-,-,-,-,-,-,-,-,-,-,-,-,-,-
2021-09-14 07:40:00,19.4,19.6,19.1,-,-,-,-,-,-,-,-,-,81.6,82.3,81.2,-,-,-,-,-,-,-,-,-,16.0,16.7,15.7,427.6,432.0,423.0,-,-,-,-,-,-,-,-,-,-,-,-,-,-,-,-,-,-,-,-,-
2021-09-14 07:30:00,18.9,19.1,18.6,-,-,-,-,-,-,-,-,-,84.0,84.5,83.0,-,-,-,-,-,-,-,-,-,16.3,16.4,16.1,435.2,439.0,430.0,-,-,-,-,-,-,-,-,-,-,-,-,-,-,-,-,-,-,-,-,-
2021-09-14 07:20:00,18.5,18.6,18.3,-,-,-,-,-,-,-,-,-,83.8,84.6,83.3,-,-,-,-,-,-,-,-,-,15.7,16.4,15.1,442.6,445.0,440.0,-,-,-,-,-,-,-,-,-,-,-,-,-,-,-,-,-,-,-,-,-
2021-09-14 07:10:00,18.1,18.3,17.9,-,-,-,-,-,-,-,-,-,83.2,83.6,82.9,-,-,-,-,-,-,-,-,-,15.1,15.3,15.1,445.3,449.0,441.0,-,-,-,-,-,-,-,-,-,-,-,-,-,-,-,-,-,-,-,-,-
2021-09-14 07:00:00,17.7,17.9,17.5,-,-,-,-,-,-,-,-,-,84.3,85.2,83.3,-,-,-,-,-,-,-,-,-,15.4,15.5,15.1,453.5,459.0,449.0,-,-,-,-,-,-,-,-,-,-,-,-,-,-,-,-,-,-,-,-,-
2021-09-14 06:50:00,17.3,17.4,17.2,-,-,-,-,-,-,-,-,-,84.2,85.1,83.2,-,-,-,-,-,-,-,-,-,14.4,14.5,14.1,451.5,456.0,445.0,-,-,-,-,-,-,-,-,-,-,-,-,-,-,-,-,-,-,-,-,-
2021-09-14 06:40:00,17.1,17.3,17.1,-,-,-,-,-,-,-,-,-,84.0,84.9,83.6,-,-,-,-,-,-,-,-,-,14.3,14.5,14.3,452.6,456.0,447.0,-,-,-,-,-,-,-,-,-,-,-,-,-,-,-,-,-,-,-,-,-
2021-09-14 06:30:00,17.0,17.1,16.9,-,-,-,-,-,-,-,-,-,84.2,84.8,83.2,-,-,-,-,-,-,-,-,-,14.4,14.5,14.1,452.5,457.0,448.0,-,-,-,-,-,-,-,-,-,-,-,-,-,-,-,-,-,-,-,-,-
2021-09-14 06:20:00,16.9,17.0,16.9,-,-,-,-,-,-,-,-,-,84.1,84.4,83.4,-,-,-,-,-,-,-,-,-,14.3,14.3,14.1,452.6,456.0,448.0,-,-,-,-,-,-,-,-,-,-,-,-,-,-,-,-,-,-,-,-,-
2021-09-14 06:10:00,17.0,17.1,17.0,-,-,-,-,-,-,-,-,-,83.2,83.8,83.0,-,-,-,-,-,-,-,-,-,14.1,14.3,14.1,443.1,449.0,438.0,-,-,-,-,-,-,-,-,-,-,-,-,-,-,-,-,-,-,-,-,-
2021-09-14 06:00:00,17.1,17.1,17.0,-,-,-,-,-,-,-,-,-,84.0,84.8,82.8,-,-,-,-,-,-,-,-,-,14.3,14.5,14.1,447.7,453.0,441.0,-,-,-,-,-,-,-,-,-,-,-,-,-,-,-,-,-,-,-,-,-
2021-09-14 05:50:00,17.2,17.3,17.1,-,-,-,-,-,-,-,-,-,84.6,85.1,83.6,-,-,-,-,-,-,-,-,-,14.4,14.5,14.3,446.5,451.0,441.0,-,-,-,-,-,-,-,-,-,-,-,-,-,-,-,-,-,-,-,-,-
2021-09-14 05:40:00,17.3,17.3,17.2,-,-,-,-,-,-,-,-,-,84.8,85.1,84.0,-,-,-,-,-,-,-,-,-,14.5,14.5,14.3,445.1,451.0,439.0,-,-,-,-,-,-,-,-,-,-,-,-,-,-,-,-,-,-,-,-,-
2021-09-14 05:30:00,17.3,17.3,17.3,-,-,-,-,-,-,-,-,-,85.2,86.1,84.1,-,-,-,-,-,-,-,-,-,14.6,14.7,14.3,446.9,451.0,440.0,-,-,-,-,-,-,-,-,-,-,-,-,-,-,-,-,-,-,-,-,-
2021-09-14 05:20:00,17.3,17.3,17.2,-,-,-,-,-,-,-,-,-,85.9,86.3,85.2,-,-,-,-,-,-,-,-,-,14.7,14.7,14.5,449.5,452.0,447.0,-,-,-,-,-,-,-,-,-,-,-,-,-,-,-,-,-,-,-,-,-
2021-09-14 05:10:00,17.3,17.3,17.2,-,-,-,-,-,-,-,-,-,86.4,87.1,85.4,-,-,-,-,-,-,-,-,-,14.7,14.8,14.5,456.4,463.0,447.0,-,-,-,-,-,-,-,-,-,-,-,-,-,-,-,-,-,-,-,-,-
2021-09-14 05:00:00,17.3,17.4,17.3,-,-,-,-,-,-,-,-,-,86.4,86.8,86.1,-,-,-,-,-,-,-,-,-,14.7,14.8,14.7,458.9,462.0,454.0,-,-,-,-,-,-,-,-,-,-,-,-,-,-,-,-,-,-,-,-,-
2021-09-14 04:50:00,17.5,17.6,17.4,-,-,-,-,-,-,-,-,-,86.7,87.0,86.4,-,-,-,-,-,-,-,-,-,15.7,15.8,14.7,461.4,468.0,456.0,-,-,-,-,-,-,-,-,-,-,-,-,-,-,-,-,-,-,-,-,-
2021-09-14 04:40:00,17.5,17.6,17.4,-,-,-,-,-,-,-,-,-,86.7,87.0,85.9,-,-,-,-,-,-,-,-,-,15.2,15.8,14.8,456.7,459.0,452.0,-,-,-,-,-,-,-,-,-,-,-,-,-,-,-,-,-,-,-,-,-
2021-09-14 04:30:00,17.3,17.4,17.3,-,-,-,-,-,-,-,-,-,87.2,87.9,86.9,-,-,-,-,-,-,-,-,-,14.9,15.0,14.8,459.3,464.0,454.0,-,-,-,-,-,-,-,-,-,-,-,-,-,-,-,-,-,-,-,-,-
2021-09-14 04:20:00,17.3,17.3,17.2,-,-,-,-,-,-,-,-,-,87.6,87.7,87.4,-,-,-,-,-,-,-,-,-,15.0,15.0,14.8,461.3,466.0,458.0,-,-,-,-,-,-,-,-,-,-,-,-,-,-,-,-,-,-,-,-,-
2021-09-14 04:10:00,17.2,17.3,17.1,-,-,-,-,-,-,-,-,-,87.5,87.8,86.9,-,-,-,-,-,-,-,-,-,14.9,15.0,14.8,456.9,461.0,453.0,-,-,-,-,-,-,-,-,-,-,-,-,-,-,-,-,-,-,-,-,-
2021-09-14 04:00:00,17.1,17.1,17.0,-,-,-,-,-,-,-,-,-,87.6,87.9,87.3,-,-,-,-,-,-,-,-,-,15.0,15.0,14.8,454.8,459.0,451.0,-,-,-,-,-,-,-,-,-,-,-,-,-,-,-,-,-,-,-,-,-
2021-09-14 03:50:00,17.1,17.1,17.0,-,-,-,-,-,-,-,-,-,86.8,87.2,86.0,-,-,-,-,-,-,-,-,-,14.8,14.8,14.7,450.3,455.0,447.0,-,-,-,-,-,-,-,-,-,-,-,-,-,-,-,-,-,-,-,-,-
2021-09-14 03:40:00,17.1,17.1,17.0,-,-,-,-,-,-,-,-,-,86.8,87.3,85.9,-,-,-,-,-,-,-,-,-,14.8,14.8,14.7,451.9,455.0,448.0,-,-,-,-,-,-,-,-,-,-,-,-,-,-,-,-,-,-,-,-,-
2021-09-14 03:30:00,17.1,17.2,17.1,-,-,-,-,-,-,-,-,-,86.6,86.9,85.9,-,-,-,-,-,-,-,-,-,14.8,14.8,14.7,448.9,453.0,445.0,-,-,-,-,-,-,-,-,-,-,-,-,-,-,-,-,-,-,-,-,-
2021-09-14 03:20:00,17.3,17.3,17.2,-,-,-,-,-,-,-,-,-,86.3,87.1,86.0,-,-,-,-,-,-,-,-,-,14.7,14.8,14.7,455.7,460.0,454.0,-,-,-,-,-,-,-,-,-,-,-,-,-,-,-,-,-,-,-,-,-
2021-09-14 03:10:00,17.4,17.4,17.3,-,-,-,-,-,-,-,-,-,86.3,86.6,85.4,-,-,-,-,-,-,-,-,-,14.7,14.8,14.5,452.4,457.0,450.0,-,-,-,-,-,-,-,-,-,-,-,-,-,-,-,-,-,-,-,-,-
2021-09-14 03:00:00,17.6,17.6,17.5,-,-,-,-,-,-,-,-,-,86.2,86.4,85.9,-,-,-,-,-,-,-,-,-,15.7,15.7,15.7,452.8,456.0,449.0,-,-,-,-,-,-,-,-,-,-,-,-,-,-,-,-,-,-,-,-,-
2021-09-14 02:50:00,17.6,17.7,17.6,-,-,-,-,-,-,-,-,-,85.9,86.1,85.8,-,-,-,-,-,-,-,-,-,15.7,15.7,15.7,447.4,451.0,442.0,-,-,-,-,-,-,-,-,-,-,-,-,-,-,-,-,-,-,-,-,-
2021-09-14 02:40:00,17.6,17.6,17.6,-,-,-,-,-,-,-,-,-,86.3,86.7,85.5,-,-,-,-,-,-,-,-,-,15.7,15.8,15.7,454.8,460.0,446.0,-,-,-,-,-,-,-,-,-,-,-,-,-,-,-,-,-,-,-,-,-
2021-09-14 02:30:00,17.7,17.8,17.6,-,-,-,-,-,-,-,-,-,86.1,86.4,85.5,-,-,-,-,-,-,-,-,-,15.7,15.7,15.7,454.7,456.0,453.0,-,-,-,-,-,-,-,-,-,-,-,-,-,-,-,-,-,-,-,-,-
2021-09-14 02:20:00,17.9,17.9,17.8,-,-,-,-,-,-,-,-,-,86.8,88.2,85.6,-,-,-,-,-,-,-,-,-,15.8,16.0,15.7,466.4,474.0,460.0,-,-,-,-,-,-,-,-,-,-,-,-,-,-,-,-,-,-,-,-,-
2021-09-14 02:10:00,17.8,17.9,17.8,-,-,-,-,-,-,-,-,-,87.2,88.1,86.5,-,-,-,-,-,-,-,-,-,15.8,16.0,15.8,470.1,477.0,464.0,-,-,-,-,-,-,-,-,-,-,-,-,-,-,-,-,-,-,-,-,-
2021-09-14 02:00:00,18.0,18.1,17.9,-,-,-,-,-,-,-,-,-,87.2,87.8,86.7,-,-,-,-,-,-,-,-,-,15.9,16.0,15.8,470.7,477.0,466.0,-,-,-,-,-,-,-,-,-,-,-,-,-,-,-,-,-,-,-,-,-
2021-09-14 01:50:00,18.0,18.1,18.0,-,-,-,-,-,-,-,-,-,87.4,88.2,86.4,-,-,-,-,-,-,-,-,-,15.9,16.0,15.7,466.6,474.0,457.0,-,-,-,-,-,-,-,-,-,-,-,-,-,-,-,-,-,-,-,-,-
2021-09-14 01:40:00,18.1,18.1,18.1,-,-,-,-,-,-,-,-,-,87.3,88.3,86.4,-,-,-,-,-,-,-,-,-,15.9,16.0,15.7,467.4,474.0,459.0,-,-,-,-,-,-,-,-,-,-,-,-,-,-,-,-,-,-,-,-,-
2021-09-14 01:30:00,18.1,18.2,18.1,-,-,-,-,-,-,-,-,-,87.1,87.6,86.3,-,-,-,-,-,-,-,-,-,15.8,16.0,15.7,464.1,472.0,460.0,-,-,-,-,-,-,-,-,-,-,-,-,-,-,-,-,-,-,-,-,-
2021-09-14 01:20:00,18.3,18.3,18.2,-,-,-,-,-,-,-,-,-,87.4,87.9,86.7,-,-,-,-,-,-,-,-,-,15.9,16.0,15.8,470.1,474.0,468.0,-,-,-,-,-,-,-,-,-,-,-,-,-,-,-,-,-,-,-,-,-
2021-09-14 01:10:00,18.3,18.3,18.3,-,-,-,-,-,-,-,-,-,87.3,87.9,86.9,-,-,-,-,-,-,-,-,-,15.8,16.0,15.8,474.5,481.0,466.0,-,-,-,-,-,-,-,-,-,-,-,-,-,-,-,-,-,-,-,-,-
2021-09-14 01:00:00,18.4,18.4,18.3,-,-,-,-,-,-,-,-,-,88.0,88.9,87.5,-,-,-,-,-,-,-,-,-,16.0,16.2,16.0,481.3,488.0,477.0,-,-,-,-,-,-,-,-,-,-,-,-,-,-,-,-,-,-,-,-,-
2021-09-14 00:50:00,18.6,18.6,18.5,-,-,-,-,-,-,-,-,-,87.3,88.2,86.7,-,-,-,-,-,-,-,-,-,16.9,17.0,16.8,466.4,475.0,461.0,-,-,-,-,-,-,-,-,-,-,-,-,-,-,-,-,-,-,-,-,-
2021-09-14 00:40:00,18.7,18.8,18.6,-,-,-,-,-,-,-,-,-,88.0,88.8,87.2,-,-,-,-,-,-,-,-,-,17.0,17.2,16.8,469.5,474.0,462.0,-,-,-,-,-,-,-,-,-,-,-,-,-,-,-,-,-,-,-,-,-
2021-09-14 00:30:00,18.8,18.8,18.7,-,-,-,-,-,-,-,-,-,87.9,88.7,87.4,-,-,-,-,-,-,-,-,-,17.0,17.2,16.8,465.2,470.0,461.0,-,-,-,-,-,-,-,-,-,-,-,-,-,-,-,-,-,-,-,-,-
2021-09-14 00:20:00,18.8,18.9,18.8,-,-,-,-,-,-,-,-,-,88.3,89.2,88.0,-,-,-,-,-,-,-,-,-,17.0,17.2,17.0,472.8,476.0,468.0,-,-,-,-,-,-,-,-,-,-,-,-,-,-,-,-,-,-,-,-,-
2021-09-14 00:10:00,18.9,18.9,18.9,-,-,-,-,-,-,-,-,-,88.1,89.0,87.8,-,-,-,-,-,-,-,-,-,17.0,17.2,17.0,470.6,473.0,467.0,-,-,-,-,-,-,-,-,-,-,-,-,-,-,-,-,-,-,-,-,-
2021-09-14 00:00:00,19.0,19.1,18.9,-,-,-,-,-,-,-,-,-,87.4,87.7,87.2,-,-,-,-,-,-,-,-,-,16.9,17.0,16.8,465.7,468.0,462.0,-,-,-,-,-,-,-,-,-,-,-,-,-,-,-,-,-,-,-,-,-
2021-09-13 23:50:00,19.1,19.1,19.1,-,-,-,-,-,-,-,-,-,87.7,88.4,87.4,-,-,-,-,-,-,-,-,-,17.0,17.0,16.8,465.7,469.0,462.0,-,-,-,-,-,-,-,-,-,-,-,-,-,-,-,-,-,-,-,-,-
2021-09-13 23:40:00,19.1,19.1,19.1,-,-,-,-,-,-,-,-,-,87.5,87.8,86.9,-,-,-,-,-,-,-,-,-,16.9,17.0,16.8,466.9,471.0,461.0,-,-,-,-,-,-,-,-,-,-,-,-,-,-,-,-,-,-,-,-,-
2021-09-13 23:30:00,19.3,19.3,19.1,-,-,-,-,-,-,-,-,-,86.9,87.6,86.5,-,-,-,-,-,-,-,-,-,16.8,17.0,16.8,459.4,466.0,452.0,-,-,-,-,-,-,-,-,-,-,-,-,-,-,-,-,-,-,-,-,-
2021-09-13 23:20:00,19.3,19.4,19.3,-,-,-,-,-,-,-,-,-,86.8,86.9,86.6,-,-,-,-,-,-,-,-,-,16.8,16.8,16.8,451.2,458.0,442.0,-,-,-,-,-,-,-,-,-,-,-,-,-,-,-,-,-,-,-,-,-
2021-09-13 23:10:00,19.4,19.4,19.3,-,-,-,-,-,-,-,-,-,86.9,87.1,86.7,-,-,-,-,-,-,-,-,-,16.8,16.8,16.8,448.4,451.0,445.0,-,-,-,-,-,-,-,-,-,-,-,-,-,-,-,-,-,-,-,-,-
2021-09-13 23:00:00,19.4,19.4,19.4,-,-,-,-,-,-,-,-,-,86.7,87.0,86.4,-,-,-,-,-,-,-,-,-,16.8,16.8,16.6,446.0,452.0,439.0,-,-,-,-,-,-,-,-,-,-,-,-,-,-,-,-,-,-,-,-,-
2021-09-13 22:50:00,19.4,19.5,19.4,-,-,-,-,-,-,-,-,-,86.5,86.7,86.3,-,-,-,-,-,-,-,-,-,17.0,17.6,16.6,443.5,448.0,440.0,-,-,-,-,-,-,-,-,-,-,-,-,-,-,-,-,-,-,-,-,-
2021-09-13 22:40:00,19.6,19.6,19.5,-,-,-,-,-,-,-,-,-,85.8,86.4,85.6,-,-,-,-,-,-,-,-,-,17.6,17.6,17.6,437.2,444.0,433.0,-,-,-,-,-,-,-,-,-,-,-,-,-,-,-,-,-,-,-,-,-
2021-09-13 22:30:00,19.7,19.7,19.6,-,-,-,-,-,-,-,-,-,85.8,85.9,85.7,-,-,-,-,-,-,-,-,-,17.6,17.6,17.6,435.8,440.0,432.0,-,-,-,-,-,-,-,-,-,-,-,-,-,-,-,-,-,-,-,-,-
2021-09-13 22:20:00,19.8,19.9,19.7,-,-,-,-,-,-,-,-,-,85.7,85.8,85.5,-,-,-,-,-,-,-,-,-,17.6,17.6,17.6,438.2,443.0,431.0,-,-,-,-,-,-,-,-,-,-,-,-,-,-,-,-,-,-,-,-,-
2021-09-13 22:10:00,19.9,19.9,19.8,-,-,-,-,-,-,-,-,-,85.7,85.8,85.5,-,-,-,-,-,-,-,-,-,17.6,17.6,17.6,439.9,443.0,437.0,-,-,-,-,-,-,-,-,-,-,-,-,-,-,-,-,-,-,-,-,-
2021-09-13 22:00:00,19.9,20.0,19.9,-,-,-,-,-,-,-,-,-,85.1,85.6,84.7,-,-,-,-,-,-,-,-,-,17.4,17.6,17.4,439.4,441.0,437.0,-,-,-,-,-,-,-,-,-,-,-,-,-,-,-,-,-,-,-,-,-
2021-09-13 21:50:00,20.1,20.3,20.0,-,-,-,-,-,-,-,-,-,84.3,84.5,84.1,-,-,-,-,-,-,-,-,-,17.3,17.4,17.2,440.6,450.0,436.0,-,-,-,-,-,-,-,-,-,-,-,-,-,-,-,-,-,-,-,-,-
2021-09-13 21:40:00,20.3,20.4,20.2,-,-,-,-,-,-,-,-,-,84.4,84.6,84.2,-,-,-,-,-,-,-,-,-,17.3,17.4,17.2,445.3,452.0,439.0,-,-,-,-,-,-,-,-,-,-,-,-,-,-,-,-,-,-,-,-,-
2021-09-13 21:30:00,20.4,20.5,20.4,-,-,-,-,-,-,-,-,-,84.2,85.3,83.5,-,-,-,-,-,-,-,-,-,17.6,18.4,17.2,436.9,447.0,426.0,-,-,-,-,-,-,-,-,-,-,-,-,-,-,-,-,-,-,-,-,-
2021-09-13 21:20:00,20.4,20.4,20.3,-,-,-,-,-,-,-,-,-,84.0,84.3,83.4,-,-,-,-,-,-,-,-,-,17.2,17.2,17.0,431.7,435.0,426.0,-,-,-,-,-,-,-,-,-,-,-,-,-,-,-,-,-,-,-,-,-
2021-09-13 21:10:00,20.5,20.6,20.4,-,-,-,-,-,-,-,-,-,83.9,84.1,83.7,-,-,-,-,-,-,-,-,-,18.0,18.2,17.2,430.4,434.0,426.0,-,-,-,-,-,-,-,-,-,-,-,-,-,-,-,-,-,-,-,-,-
2021-09-13 21:00:00,20.6,20.6,20.5,-,-,-,-,-,-,-,-,-,84.2,84.5,84.0,-,-,-,-,-,-,-,-,-,18.2,18.4,18.2,429.5,435.0,423.0,-,-,-,-,-,-,-,-,-,-,-,-,-,-,-,-,-,-,-,-,-
2021-09-13 20:50:00,20.6,20.7,20.5,-,-,-,-,-,-,-,-,-,84.9,85.1,84.6,-,-,-,-,-,-,-,-,-,18.4,18.4,18.4,442.4,446.0,437.0,-,-,-,-,-,-,-,-,-,-,-,-,-,-,-,-,-,-,-,-,-
2021-09-13 20:40:00,20.8,20.9,20.7,-,-,-,-,-,-,-,-,-,84.2,84.7,83.8,-,-,-,-,-,-,-,-,-,18.3,18.4,18.2,438.9,442.0,433.0,-,-,-,-,-,-,-,-,-,-,-,-,-,-,-,-,-,-,-,-,-
2021-09-13 20:30:00,21.1,21.2,21.0,-,-,-,-,-,-,-,-,-,83.5,83.7,83.2,-,-,-,-,-,-,-,-,-,18.1,18.2,18.0,432.8,440.0,429.0,-,-,-,-,-,-,-,-,-,-,-,-,-,-,-,-,-,-,-,-,-
2021-09-13 20:20:00,21.3,21.3,21.3,-,-,-,-,-,-,-,-,-,83.8,84.0,83.7,-,-,-,-,-,-,-,-,-,18.2,18.2,18.2,434.6,437.0,432.0,-,-,-,-,-,-,-,-,-,-,-,-,-,-,-,-,-,-,-,-,-
2021-09-13 20:10:00,21.3,21.3,21.3,-,-,-,-,-,-,-,-,-,83.8,84.5,83.4,-,-,-,-,-,-,-,-,-,18.2,18.4,18.0,430.8,434.0,428.0,-,-,-,-,-,-,-,-,-,-,-,-,-,-,-,-,-,-,-,-,-
2021-09-13 20:00:00,21.4,21.4,21.3,-,-,-,-,-,-,-,-,-,83.5,83.8,83.1,-,-,-,-,-,-,-,-,-,18.1,18.2,18.0,430.7,435.0,425.0,-,-,-,-,-,-,-,-,-,-,-,-,-,-,-,-,-,-,-,-,-
2021-09-13 19:50:00,21.5,21.6,21.4,-,-,-,-,-,-,-,-,-,82.7,83.3,82.2,-,-,-,-,-,-,-,-,-,18.7,19.0,18.0,426.4,430.0,424.0,-,-,-,-,-,-,-,-,-,-,-,-,-,-,-,-,-,-,-,-,-
2021-09-13 19:40:00,21.8,21.8,21.6,-,-,-,-,-,-,-,-,-,81.7,82.4,81.3,-,-,-,-,-,-,-,-,-,18.8,18.8,18.6,417.4,423.0,408.0,-,-,-,-,-,-,-,-,-,-,-,-,-,-,-,-,-,-,-,-,-
2021-09-13 19:30:00,21.9,21.9,21.8,-,-,-,-,-,-,-,-,-,81.5,81.8,80.9,-,-,-,-,-,-,-,-,-,18.7,18.8,18.6,410.8,415.0,408.0,-,-,-,-,-,-,-,-,-,-,-,-,-,-,-,-,-,-,-,-,-
2021-09-13 19:20:00,22.1,22.2,21.9,-,-,-,-,-,-,-,-,-,81.7,82.4,81.0,-,-,-,-,-,-,-,-,-,18.8,18.8,18.6,415.5,418.0,411.0,-,-,-,-,-,-,-,-,-,-,-,-,-,-,-,-,-,-,-,-,-
2021-09-13 19:10:00,22.3,22.3,22.2,-,-,-,-,-,-,-,-,-,81.5,82.1,81.1,-,-,-,-,-,-,-,-,-,18.7,18.8,18.6,418.0,421.0,415.0,-,-,-,-,-,-,-,-,-,-,-,-,-,-,-,-,-,-,-,-,-
2021-09-13 19:00:00,22.5,22.6,22.3,-,-,-,-,-,-,-,-,-,81.4,81.9,80.6,-,-,-,-,-,-,-,-,-,19.2,19.8,18.6,416.7,419.0,414.0,-,-,-,-,-,-,-,-,-,-,-,-,-,-,-,-,-,-,-,-,-
2021-09-13 18:50:00,22.8,22.9,22.6,-,-,-,-,-,-,-,-,-,80.7,81.8,79.8,-,-,-,-,-,-,-,-,-,19.5,19.8,19.4,414.6,419.0,408.0,-,-,-,-,-,-,-,-,-,-,-,-,-,-,-,-,-,-,-,-,-
2021-09-13 18:40:00,23.1,23.3,22.9,-,-,-,-,-,-,-,-,-,79.9,80.3,79.4,-,-,-,-,-,-,-,-,-,19.4,19.4,19.2,410.4,414.0,408.0,-,-,-,-,-,-,-,-,-,-,-,-,-,-,-,-,-,-,-,-,-
2021-09-13 18:30:00,23.5,23.7,23.3,-,-,-,-,-,-,-,-,-,79.2,79.6,78.3,-,-,-,-,-,-,-,-,-,19.8,20.4,19.4,410.3,413.0,408.0,-,-,-,-,-,-,-,-,-,-,-,-,-,-,-,-,-,-,-,-,-
2021-09-13 18:20:00,24.0,24.3,23.8,-,-,-,-,-,-,-,-,-,78.3,79.0,77.4,-,-,-,-,-,-,-,-,-,20.0,20.1,19.7,405.7,408.0,403.0,-,-,-,-,-,-,-,-,-,-,-,-,-,-,-,-,-,-,-,-,-
2021-09-13 18:10:00,24.5,24.8,24.3,-,-,-,-,-,-,-,-,-,77.3,78.0,76.5,-,-,-,-,-,-,-,-,-,20.4,20.9,19.7,401.1,405.0,395.0,-,-,-,-,-,-,-,-,-,-,-,-,-,-,-,-,-,-,-,-,-
2021-09-13 18:00:00,25.1,25.4,24.8,-,-,-,-,-,-,-,-,-,75.6,76.4,74.8,-,-,-,-,-,-,-,-,-,20.4,20.5,20.3,400.4,402.0,398.0,-,-,-,-,-,-,-,-,-,-,-,-,-,-,-,-,-,-,-,-,-
2021-09-13 17:50:00,25.6,25.8,25.4,-,-,-,-,-,-,-,-,-,73.1,74.5,71.1,-,-,-,-,-,-,-,-,-,20.6,21.0,20.1,396.4,399.0,391.0,-,-,-,-,-,-,-,-,-,-,-,-,-,-,-,-,-,-,-,-,-
2021-09-13 17:40:00,26.0,26.2,25.9,-,-,-,-,-,-,-,-,-,70.6,72.2,68.9,-,-,-,-,-,-,-,-,-,20.2,20.6,19.9,393.7,398.0,391.0,-,-,-,-,-,-,-,-,-,-,-,-,-,-,-,-,-,-,-,-,-
2021-09-13 17:30:00,26.6,26.8,26.2,-,-,-,-,-,-,-,-,-,68.0,70.0,65.9,-,-,-,-,-,-,-,-,-,20.4,21.1,19.9,390.3,394.0,386.0,-,-,-,-,-,-,-,-,-,-,-,-,-,-,-,-,-,-,-,-,-
2021-09-13 17:20:00,26.9,27.0,26.8,-,-,-,-,-,-,-,-,-,64.9,65.6,64.5,-,-,-,-,-,-,-,-,-,19.9,20.1,19.9,386.8,391.0,384.0,-,-,-,-,-,-,-,-,-,-,-,-,-,-,-,-,-,-,-,-,-
2021-09-13 17:10:00,26.9,27.0,26.8,-,-,-,-,-,-,-,-,-,65.5,66.3,64.6,-,-,-,-,-,-,-,-,-,20.0,20.1,19.9,388.4,391.0,385.0,-,-,-,-,-,-,-,-,-,-,-,-,-,-,-,-,-,-,-,-,-
2021-09-13 17:00:00,27.3,27.4,27.0,-,-,-,-,-,-,-,-,-,65.1,66.2,64.0,-,-,-,-,-,-,-,-,-,19.9,20.1,19.6,387.1,391.0,384.0,-,-,-,-,-,-,-,-,-,-,-,-,-,-,-,-,-,-,-,-,-
2021-09-13 16:50:00,27.6,27.7,27.4,-,-,-,-,-,-,-,-,-,64.4,64.9,64.1,-,-,-,-,-,-,-,-,-,20.6,20.8,19.6,387.5,391.0,385.0,-,-,-,-,-,-,-,-,-,-,-,-,-,-,-,-,-,-,-,-,-
2021-09-13 16:40:00,27.6,27.7,27.6,-,-,-,-,-,-,-,-,-,64.3,65.4,63.1,-,-,-,-,-,-,-,-,-,20.6,20.8,20.3,385.6,389.0,382.0,-,-,-,-,-,-,-,-,-,-,-,-,-,-,-,-,-,-,-,-,-
2021-09-13 16:30:00,27.8,28.1,27.6,-,-,-,-,-,-,-,-,-,65.5,67.1,63.3,-,-,-,-,-,-,-,-,-,20.9,21.3,20.3,384.5,387.0,382.0,-,-,-,-,-,-,-,-,-,-,-,-,-,-,-,-,-,-,-,-,-
2021-09-13 16:20:00,28.2,28.3,28.1,-,-,-,-,-,-,-,-,-,63.6,64.3,62.8,-,-,-,-,-,-,-,-,-,20.5,20.6,20.3,384.3,386.0,383.0,-,-,-,-,-,-,-,-,-,-,-,-,-,-,-,-,-,-,-,-,-
2021-09-13 16:10:00,28.2,28.3,28.1,-,-,-,-,-,-,-,-,-,61.6,63.0,59.6,-,-,-,-,-,-,-,-,-,20.0,20.3,19.5,383.9,387.0,380.0,-,-,-,-,-,-,-,-,-,-,-,-,-,-,-,-,-,-,-,-,-
2021-09-13 16:00:00,28.3,28.6,28.1,-,-,-,-,-,-,-,-,-,61.7,63.2,60.0,-,-,-,-,-,-,-,-,-,20.3,21.0,19.5,382.5,386.0,380.0,-,-,-,-,-,-,-,-,-,-,-,-,-,-,-,-,-,-,-,-,-
2021-09-13 15:50:00,28.6,28.6,28.5,-,-,-,-,-,-,-,-,-,60.5,62.3,59.8,-,-,-,-,-,-,-,-,-,20.6,21.0,20.5,384.3,388.0,382.0,-,-,-,-,-,-,-,-,-,-,-,-,-,-,-,-,-,-,-,-,-
2021-09-13 15:40:00,28.4,28.6,28.3,-,-,-,-,-,-,-,-,-,58.4,59.8,56.7,-,-,-,-,-,-,-,-,-,19.5,20.5,19.0,383.7,387.0,380.0,-,-,-,-,-,-,-,-,-,-,-,-,-,-,-,-,-,-,-,-,-
2021-09-13 15:30:00,28.9,29.1,28.7,-,-,-,-,-,-,-,-,-,57.2,58.8,55.7,-,-,-,-,-,-,-,-,-,19.7,20.2,19.4,382.3,384.0,379.0,-,-,-,-,-,-,-,-,-,-,-,-,-,-,-,-,-,-,-,-,-
2021-09-13 15:20:00,29.1,29.1,29.0,-,-,-,-,-,-,-,-,-,57.2,58.4,56.4,-,-,-,-,-,-,-,-,-,19.7,19.9,19.4,384.0,388.0,381.0,-,-,-,-,-,-,-,-,-,-,-,-,-,-,-,-,-,-,-,-,-
2021-09-13 15:10:00,28.8,28.9,28.6,-,-,-,-,-,-,-,-,-,56.7,58.2,55.6,-,-,-,-,-,-,-,-,-,19.6,19.9,19.4,383.3,386.0,381.0,-,-,-,-,-,-,-,-,-,-,-,-,-,-,-,-,-,-,-,-,-
2021-09-13 15:00:00,29.1,29.3,28.9,-,-,-,-,-,-,-,-,-,56.4,57.4,54.9,-,-,-,-,-,-,-,-,-,19.5,19.6,19.1,387.1,395.0,383.0,-,-,-,-,-,-,-,-,-,-,-,-,-,-,-,-,-,-,-,-,-
2021-09-13 14:50:00,29.5,29.7,29.3,-,-,-,-,-,-,-,-,-,54.7,55.0,54.3,-,-,-,-,-,-,-,-,-,19.7,20.0,18.8,383.4,387.0,381.0,-,-,-,-,-,-,-,-,-,-,-,-,-,-,-,-,-,-,-,-,-
2021-09-13 14:40:00,29.7,30.0,29.6,-,-,-,-,-,-,-,-,-,52.9,55.0,50.2,-,-,-,-,-,-,-,-,-,19.4,20.0,18.5,384.1,387.0,382.0,-,-,-,-,-,-,-,-,-,-,-,-,-,-,-,-,-,-,-,-,-
2021-09-13 14:30:00,30.4,30.6,30.1,-,-,-,-,-,-,-,-,-,52.3,54.0,51.1,-,-,-,-,-,-,-,-,-,19.6,20.0,18.8,380.9,383.0,377.0,-,-,-,-,-,-,-,-,-,-,-,-,-,-,-,-,-,-,-,-,-
2021-09-13 14:20:00,30.7,30.7,30.6,-,-,-,-,-,-,-,-,-,52.3,53.1,51.5,-,-,-,-,-,-,-,-,-,20.1,20.3,20.0,381.7,385.0,379.0,-,-,-,-,-,-,-,-,-,-,-,-,-,-,-,-,-,-,-,-,-
2021-09-13 14:10:00,30.6,30.7,30.4,-,-,-,-,-,-,-,-,-,54.9,55.6,53.7,-,-,-,-,-,-,-,-,-,20.7,21.2,19.7,381.3,384.0,378.0,-,-,-,-,-,-,-,-,-,-,-,-,-,-,-,-,-,-,-,-,-
2021-09-13 14:00:00,30.5,30.6,30.4,-,-,-,-,-,-,-,-,-,55.5,56.7,53.8,-,-,-,-,-,-,-,-,-,20.9,21.5,19.7,379.8,381.0,379.0,-,-,-,-,-,-,-,-,-,-,-,-,-,-,-,-,-,-,-,-,-
2021-09-13 13:50:00,30.5,30.6,30.3,-,-,-,-,-,-,-,-,-,55.8,56.6,54.7,-,-,-,-,-,-,-,-,-,20.8,21.5,20.0,381.4,385.0,377.0,-,-,-,-,-,-,-,-,-,-,-,-,-,-,-,-,-,-,-,-,-
2021-09-13 13:40:00,30.0,30.3,29.9,-,-,-,-,-,-,-,-,-,55.9,56.6,54.9,-,-,-,-,-,-,-,-,-,20.3,20.6,20.0,383.7,387.0,381.0,-,-,-,-,-,-,-,-,-,-,-,-,-,-,-,-,-,-,-,-,-
2021-09-13 13:30:00,29.8,29.9,29.8,-,-,-,-,-,-,-,-,-,56.9,57.2,56.5,-,-,-,-,-,-,-,-,-,20.6,20.6,20.6,385.2,388.0,382.0,-,-,-,-,-,-,-,-,-,-,-,-,-,-,-,-,-,-,-,-,-
2021-09-13 13:20:00,29.8,29.9,29.7,-,-,-,-,-,-,-,-,-,57.7,58.3,56.6,-,-,-,-,-,-,-,-,-,20.7,20.8,20.6,386.1,389.0,381.0,-,-,-,-,-,-,-,-,-,-,-,-,-,-,-,-,-,-,-,-,-
2021-09-13 13:10:00,29.6,29.8,29.4,-,-,-,-,-,-,-,-,-,58.5,59.1,57.7,-,-,-,-,-,-,-,-,-,20.6,21.1,19.9,383.8,387.0,381.0,-,-,-,-,-,-,-,-,-,-,-,-,-,-,-,-,-,-,-,-,-
2021-09-13 13:00:00,29.5,29.6,29.4,-,-,-,-,-,-,-,-,-,58.6,59.3,58.1,-,-,-,-,-,-,-,-,-,20.9,21.1,20.2,384.2,386.0,383.0,-,-,-,-,-,-,-,-,-,-,-,-,-,-,-,-,-,-,-,-,-
2021-09-13 12:50:00,29.5,29.6,29.4,-,-,-,-,-,-,-,-,-,58.0,58.8,57.2,-,-,-,-,-,-,-,-,-,20.6,21.1,19.6,384.2,386.0,382.0,-,-,-,-,-,-,-,-,-,-,-,-,-,-,-,-,-,-,-,-,-
2021-09-13 12:40:00,29.5,29.6,29.3,-,-,-,-,-,-,-,-,-,59.3,60.5,58.4,-,-,-,-,-,-,-,-,-,20.8,21.1,20.2,383.6,386.0,382.0,-,-,-,-,-,-,-,-,-,-,-,-,-,-,-,-,-,-,-,-,-
2021-09-13 12:30:00,29.3,29.5,29.3,-,-,-,-,-,-,-,-,-,58.5,59.7,57.3,-,-,-,-,-,-,-,-,-,20.1,20.8,19.6,383.1,385.0,381.0,-,-,-,-,-,-,-,-,-,-,-,-,-,-,-,-,-,-,-,-,-
2021-09-13 12:20:00,29.4,29.5,29.1,-,-,-,-,-,-,-,-,-,60.1,61.0,58.7,-,-,-,-,-,-,-,-,-,20.9,21.7,20.5,385.0,388.0,382.0,-,-,-,-,-,-,-,-,-,-,-,-,-,-,-,-,-,-,-,-,-
2021-09-13 12:10:00,29.1,29.1,28.9,-,-,-,-,-,-,-,-,-,60.1,60.6,59.4,-,-,-,-,-,-,-,-,-,20.6,20.7,20.2,385.1,387.0,382.0,-,-,-,-,-,-,-,-,-,-,-,-,-,-,-,-,-,-,-,-,-
2021-09-13 12:00:00,29.2,29.3,29.1,-,-,-,-,-,-,-,-,-,61.2,62.8,59.8,-,-,-,-,-,-,-,-,-,20.8,21.3,20.5,384.7,389.0,382.0,-,-,-,-,-,-,-,-,-,-,-,-,-,-,-,-,-,-,-,-,-
2021-09-13 11:50:00,29.3,29.3,29.2,-,-,-,-,-,-,-,-,-,60.7,62.0,60.1,-,-,-,-,-,-,-,-,-,20.7,21.0,20.5,386.9,391.0,383.0,-,-,-,-,-,-,-,-,-,-,-,-,-,-,-,-,-,-,-,-,-
2021-09-13 11:40:00,29.1,29.2,28.9,-,-,-,-,-,-,-,-,-,61.4,62.5,60.3,-,-,-,-,-,-,-,-,-,20.8,21.3,20.5,390.1,393.0,386.0,-,-,-,-,-,-,-,-,-,-,-,-,-,-,-,-,-,-,-,-,-
2021-09-13 11:30:00,28.8,28.9,28.6,-,-,-,-,-,-,-,-,-,61.9,62.5,61.4,-,-,-,-,-,-,-,-,-,21.0,21.3,20.7,391.1,394.0,386.0,-,-,-,-,-,-,-,-,-,-,-,-,-,-,-,-,-,-,-,-,-
2021-09-13 11:20:00,28.7,28.8,28.6,-,-,-,-,-,-,-,-,-,62.4,62.9,62.0,-,-,-,-,-,-,-,-,-,21.1,21.3,21.0,392.0,395.0,390.0,-,-,-,-,-,-,-,-,-,-,-,-,-,-,-,-,-,-,-,-,-
2021-09-13 11:10:00,28.5,28.6,28.4,-,-,-,-,-,-,-,-,-,63.7,64.7,63.2,-,-,-,-,-,-,-,-,-,21.2,21.8,20.3,396.2,399.0,393.0,-,-,-,-,-,-,-,-,-,-,-,-,-,-,-,-,-,-,-,-,-
2021-09-13 11:00:00,28.3,28.5,28.1,-,-,-,-,-,-,-,-,-,64.2,64.7,63.7,-,-,-,-,-,-,-,-,-,20.8,21.8,20.6,395.7,399.0,392.0,-,-,-,-,-,-,-,-,-,-,-,-,-,-,-,-,-,-,-,-,-
2021-09-13 10:50:00,28.1,28.2,28.0,-,-,-,-,-,-,-,-,-,64.0,65.1,63.3,-,-,-,-,-,-,-,-,-,20.6,20.8,20.3,395.9,399.0,393.0,-,-,-,-,-,-,-,-,-,-,-,-,-,-,-,-,-,-,-,-,-
2021-09-13 10:40:00,27.9,27.9,27.8,-,-,-,-,-,-,-,-,-,64.1,64.8,63.0,-,-,-,-,-,-,-,-,-,20.6,20.8,20.3,396.1,397.0,394.0,-,-,-,-,-,-,-,-,-,-,-,-,-,-,-,-,-,-,-,-,-
2021-09-13 10:30:00,27.8,27.9,27.7,-,-,-,-,-,-,-,-,-,65.5,65.9,64.4,-,-,-,-,-,-,-,-,-,21.0,21.1,20.6,396.5,401.0,392.0,-,-,-,-,-,-,-,-,-,-,-,-,-,-,-,-,-,-,-,-,-
2021-09-13 10:20:00,27.8,28.0,27.6,-,-,-,-,-,-,-,-,-,65.0,66.0,64.1,-,-,-,-,-,-,-,-,-,20.8,21.1,20.6,394.7,398.0,392.0,-,-,-,-,-,-,-,-,-,-,-,-,-,-,-,-,-,-,-,-,-
2021-09-13 10:10:00,28.0,28.2,27.9,-,-,-,-,-,-,-,-,-,66.0,66.9,64.8,-,-,-,-,-,-,-,-,-,21.1,21.3,20.8,394.1,398.0,390.0,-,-,-,-,-,-,-,-,-,-,-,-,-,-,-,-,-,-,-,-,-
2021-09-13 10:00:00,27.5,27.8,27.3,-,-,-,-,-,-,-,-,-,67.6,69.4,66.4,-,-,-,-,-,-,-,-,-,21.2,21.8,20.4,394.2,397.0,391.0,-,-,-,-,-,-,-,-,-,-,-,-,-,-,-,-,-,-,-,-,-
2021-09-13 09:50:00,27.2,27.3,27.1,-,-,-,-,-,-,-,-,-,68.4,68.9,67.6,-,-,-,-,-,-,-,-,-,20.7,20.8,20.6,394.7,397.0,393.0,-,-,-,-,-,-,-,-,-,-,-,-,-,-,-,-,-,-,-,-,-
2021-09-13 09:40:00,27.0,27.3,26.8,-,-,-,-,-,-,-,-,-,70.2,71.2,69.5,-,-,-,-,-,-,-,-,-,21.1,21.3,21.1,392.4,395.0,391.0,-,-,-,-,-,-,-,-,-,-,-,-,-,-,-,-,-,-,-,-,-
2021-09-13 09:30:00,26.8,26.8,26.6,-,-,-,-,-,-,-,-,-,71.1,72.0,69.6,-,-,-,-,-,-,-,-,-,21.3,21.5,21.1,395.3,399.0,392.0,-,-,-,-,-,-,-,-,-,-,-,-,-,-,-,-,-,-,-,-,-
2021-09-13 09:20:00,26.5,26.6,26.3,-,-,-,-,-,-,-,-,-,72.6,74.3,71.3,-,-,-,-,-,-,-,-,-,21.3,21.8,20.8,398.2,402.0,396.0,-,-,-,-,-,-,-,-,-,-,-,-,-,-,-,-,-,-,-,-,-
2021-09-13 09:10:00,26.1,26.3,25.8,-,-,-,-,-,-,-,-,-,74.9,76.0,74.2,-,-,-,-,-,-,-,-,-,21.2,21.5,21.0,403.2,408.0,399.0,-,-,-,-,-,-,-,-,-,-,-,-,-,-,-,-,-,-,-,-,-
2021-09-13 09:00:00,25.3,25.7,25.0,-,-,-,-,-,-,-,-,-,77.1,77.9,76.3,-,-,-,-,-,-,-,-,-,20.9,21.7,20.5,411.1,415.0,408.0,-,-,-,-,-,-,-,-,-,-,-,-,-,-,-,-,-,-,-,-,-
2021-09-13 08:50:00,24.9,24.9,24.8,-,-,-,-,-,-,-,-,-,78.0,78.9,76.6,-,-,-,-,-,-,-,-,-,20.9,21.1,20.7,412.1,417.0,409.0,-,-,-,-,-,-,-,-,-,-,-,-,-,-,-,-,-,-,-,-,-
2021-09-13 08:40:00,24.8,24.9,24.8,-,-,-,-,-,-,-,-,-,79.1,80.5,77.9,-,-,-,-,-,-,-,-,-,21.1,21.5,20.9,413.2,416.0,411.0,-,-,-,-,-,-,-,-,-,-,-,-,-,-,-,-,-,-,-,-,-
2021-09-13 08:30:00,24.7,24.9,24.4,-,-,-,-,-,-,-,-,-,80.3,81.2,79.0,-,-,-,-,-,-,-,-,-,21.2,21.5,20.4,416.4,423.0,411.0,-,-,-,-,-,-,-,-,-,-,-,-,-,-,-,-,-,-,-,-,-
2021-09-13 08:20:00,23.9,24.3,23.7,-,-,-,-,-,-,-,-,-,81.5,82.6,80.9,-,-,-,-,-,-,-,-,-,20.7,20.9,20.6,427.6,432.0,424.0,-,-,-,-,-,-,-,-,-,-,-,-,-,-,-,-,-,-,-,-,-
2021-09-13 08:10:00,23.4,23.6,23.2,-,-,-,-,-,-,-,-,-,84.3,86.0,82.8,-,-,-,-,-,-,-,-,-,20.6,20.9,20.2,439.7,447.0,434.0,-,-,-,-,-,-,-,-,-,-,-,-,-,-,-,-,-,-,-,-,-
2021-09-13 08:00:00,22.8,23.1,22.6,-,-,-,-,-,-,-,-,-,86.2,88.3,84.4,-,-,-,-,-,-,-,-,-,20.6,20.9,20.2,453.0,459.0,445.0,-,-,-,-,-,-,-,-,-,-,-,-,-,-,-,-,-,-,-,-,-
2021-09-13 07:50:00,22.1,22.4,21.8,-,-,-,-,-,-,-,-,-,88.6,89.8,87.4,-,-,-,-,-,-,-,-,-,20.0,20.3,19.8,464.4,469.0,457.0,-,-,-,-,-,-,-,-,-,-,-,-,-,-,-,-,-,-,-,-,-
2021-09-13 07:40:00,21.5,21.7,21.3,-,-,-,-,-,-,-,-,-,90.8,91.9,89.7,-,-,-,-,-,-,-,-,-,20.1,20.5,19.5,474.5,481.0,469.0,-,-,-,-,-,-,-,-,-,-,-,-,-,-,-,-,-,-,-,-,-
2021-09-13 07:30:00,21.0,21.2,20.7,-,-,-,-,-,-,-,-,-,92.0,92.4,91.7,-,-,-,-,-,-,-,-,-,19.7,19.7,19.7,489.6,495.0,485.0,-,-,-,-,-,-,-,-,-,-,-,-,-,-,-,-,-,-,-,-,-
2021-09-13 07:20:00,20.5,20.6,20.4,-,-,-,-,-,-,-,-,-,91.9,91.9,91.7,-,-,-,-,-,-,-,-,-,19.3,19.7,18.7,489.7,492.0,488.0,-,-,-,-,-,-,-,-,-,-,-,-,-,-,-,-,-,-,-,-,-
2021-09-13 07:10:00,20.2,20.4,20.1,-,-,-,-,-,-,-,-,-,92.3,92.4,92.1,-,-,-,-,-,-,-,-,-,18.7,18.7,18.7,491.3,493.0,488.0,-,-,-,-,-,-,-,-,-,-,-,-,-,-,-,-,-,-,-,-,-
2021-09-13 07:00:00,19.9,20.1,19.7,-,-,-,-,-,-,-,-,-,92.8,93.0,92.4,-,-,-,-,-,-,-,-,-,18.9,18.9,18.7,493.7,497.0,489.0,-,-,-,-,-,-,-,-,-,-,-,-,-,-,-,-,-,-,-,-,-
2021-09-13 06:50:00,19.6,19.6,19.5,-,-,-,-,-,-,-,-,-,93.0,93.2,92.9,-,-,-,-,-,-,-,-,-,18.9,18.9,18.9,500.3,503.0,498.0,-,-,-,-,-,-,-,-,-,-,-,-,-,-,-,-,-,-,-,-,-
2021-09-13 06:40:00,19.4,19.5,19.4,-,-,-,-,-,-,-,-,-,93.2,93.4,92.9,-,-,-,-,-,-,-,-,-,18.0,18.9,17.9,505.2,510.0,502.0,-,-,-,-,-,-,-,-,-,-,-,-,-,-,-,-,-,-,-,-,-
2021-09-13 06:30:00,19.3,19.4,19.3,-,-,-,-,-,-,-,-,-,93.6,93.6,93.4,-,-,-,-,-,-,-,-,-,18.0,18.0,17.9,509.0,515.0,505.0,-,-,-,-,-,-,-,-,-,-,-,-,-,-,-,-,-,-,-,-,-
2021-09-13 06:20:00,19.3,19.3,19.3,-,-,-,-,-,-,-,-,-,93.7,93.8,93.6,-,-,-,-,-,-,-,-,-,18.0,18.0,18.0,504.1,507.0,501.0,-,-,-,-,-,-,-,-,-,-,-,-,-,-,-,-,-,-,-,-,-
2021-09-13 06:10:00,19.2,19.3,19.1,-,-,-,-,-,-,-,-,-,93.6,93.8,93.3,-,-,-,-,-,-,-,-,-,18.0,18.0,17.9,502.0,506.0,497.0,-,-,-,-,-,-,-,-,-,-,-,-,-,-,-,-,-,-,-,-,-
2021-09-13 06:00:00,19.2,19.3,19.2,-,-,-,-,-,-,-,-,-,93.5,93.6,93.4,-,-,-,-,-,-,-,-,-,18.0,18.0,17.9,506.5,511.0,502.0,-,-,-,-,-,-,-,-,-,-,-,-,-,-,-,-,-,-,-,-,-
2021-09-13 05:50:00,19.3,19.3,19.2,-,-,-,-,-,-,-,-,-,93.6,93.7,93.4,-,-,-,-,-,-,-,-,-,18.0,18.0,17.9,505.7,514.0,502.0,-,-,-,-,-,-,-,-,-,-,-,-,-,-,-,-,-,-,-,-,-
2021-09-13 05:40:00,19.3,19.3,19.2,-,-,-,-,-,-,-,-,-,93.7,93.9,93.6,-,-,-,-,-,-,-,-,-,18.0,18.0,18.0,515.3,522.0,512.0,-,-,-,-,-,-,-,-,-,-,-,-,-,-,-,-,-,-,-,-,-
2021-09-13 05:30:00,19.2,19.3,19.1,-,-,-,-,-,-,-,-,-,93.9,94.0,93.8,-,-,-,-,-,-,-,-,-,18.0,18.0,18.0,539.0,548.0,521.0,-,-,-,-,-,-,-,-,-,-,-,-,-,-,-,-,-,-,-,-,-
2021-09-13 05:20:00,19.3,19.3,19.3,-,-,-,-,-,-,-,-,-,93.7,93.8,93.6,-,-,-,-,-,-,-,-,-,18.0,18.0,18.0,553.0,558.0,548.0,-,-,-,-,-,-,-,-,-,-,-,-,-,-,-,-,-,-,-,-,-
2021-09-13 05:10:00,19.4,19.4,19.4,-,-,-,-,-,-,-,-,-,93.8,93.8,93.7,-,-,-,-,-,-,-,-,-,18.0,18.0,18.0,551.9,556.0,548.0,-,-,-,-,-,-,-,-,-,-,-,-,-,-,-,-,-,-,-,-,-
2021-09-13 05:00:00,19.4,19.5,19.4,-,-,-,-,-,-,-,-,-,94.0,94.1,93.9,-,-,-,-,-,-,-,-,-,18.4,19.0,18.0,550.8,556.0,544.0,-,-,-,-,-,-,-,-,-,-,-,-,-,-,-,-,-,-,-,-,-
2021-09-13 04:50:00,19.5,19.6,19.4,-,-,-,-,-,-,-,-,-,94.1,94.2,93.9,-,-,-,-,-,-,-,-,-,18.7,19.0,18.0,550.6,553.0,547.0,-,-,-,-,-,-,-,-,-,-,-,-,-,-,-,-,-,-,-,-,-
2021-09-13 04:40:00,19.5,19.6,19.5,-,-,-,-,-,-,-,-,-,94.3,94.3,94.2,-,-,-,-,-,-,-,-,-,19.0,19.0,19.0,553.1,559.0,548.0,-,-,-,-,-,-,-,-,-,-,-,-,-,-,-,-,-,-,-,-,-
2021-09-13 04:30:00,19.6,19.7,19.6,-,-,-,-,-,-,-,-,-,94.5,94.6,94.3,-,-,-,-,-,-,-,-,-,19.1,19.2,19.0,549.6,555.0,543.0,-,-,-,-,-,-,-,-,-,-,-,-,-,-,-,-,-,-,-,-,-
2021-09-13 04:20:00,19.6,19.6,19.6,-,-,-,-,-,-,-,-,-,94.6,94.7,94.6,-,-,-,-,-,-,-,-,-,19.2,19.2,19.2,547.3,550.0,545.0,-,-,-,-,-,-,-,-,-,-,-,-,-,-,-,-,-,-,-,-,-
2021-09-13 04:10:00,19.6,19.6,19.6,-,-,-,-,-,-,-,-,-,94.6,94.7,94.5,-,-,-,-,-,-,-,-,-,19.2,19.2,19.2,557.6,566.0,550.0,-,-,-,-,-,-,-,-,-,-,-,-,-,-,-,-,-,-,-,-,-
2021-09-13 04:00:00,19.6,19.6,19.6,-,-,-,-,-,-,-,-,-,94.5,94.6,94.4,-,-,-,-,-,-,-,-,-,19.2,19.2,19.0,572.8,585.0,565.0,-,-,-,-,-,-,-,-,-,-,-,-,-,-,-,-,-,-,-,-,-
2021-09-13 03:50:00,19.6,19.6,19.6,-,-,-,-,-,-,-,-,-,94.5,94.5,94.4,-,-,-,-,-,-,-,-,-,19.2,19.2,19.0,580.6,585.0,574.0,-,-,-,-,-,-,-,-,-,-,-,-,-,-,-,-,-,-,-,-,-
2021-09-13 03:40:00,19.6,19.7,19.6,-,-,-,-,-,-,-,-,-,94.7,94.9,94.6,-,-,-,-,-,-,-,-,-,19.2,19.2,19.2,584.5,588.0,581.0,-,-,-,-,-,-,-,-,-,-,-,-,-,-,-,-,-,-,-,-,-
2021-09-13 03:30:00,19.6,19.6,19.6,-,-,-,-,-,-,-,-,-,94.5,94.6,94.3,-,-,-,-,-,-,-,-,-,19.1,19.2,19.0,586.7,590.0,583.0,-,-,-,-,-,-,-,-,-,-,-,-,-,-,-,-,-,-,-,-,-
2021-09-13 03:20:00,19.6,19.7,19.6,-,-,-,-,-,-,-,-,-,94.4,94.4,94.3,-,-,-,-,-,-,-,-,-,19.0,19.0,19.0,581.5,589.0,576.0,-,-,-,-,-,-,-,-,-,-,-,-,-,-,-,-,-,-,-,-,-
2021-09-13 03:10:00,19.6,19.6,19.6,-,-,-,-,-,-,-,-,-,94.3,94.4,94.2,-,-,-,-,-,-,-,-,-,19.0,19.0,19.0,569.2,575.0,560.0,-,-,-,-,-,-,-,-,-,-,-,-,-,-,-,-,-,-,-,-,-
2021-09-13 03:00:00,19.7,19.7,19.6,-,-,-,-,-,-,-,-,-,94.2,94.2,94.1,-,-,-,-,-,-,-,-,-,19.0,19.0,19.0,560.9,566.0,557.0,-,-,-,-,-,-,-,-,-,-,-,-,-,-,-,-,-,-,-,-,-
2021-09-13 02:50:00,19.8,19.8,19.7,-,-,-,-,-,-,-,-,-,94.2,94.3,94.1,-,-,-,-,-,-,-,-,-,19.0,19.0,19.0,562.6,570.0,555.0,-,-,-,-,-,-,-,-,-,-,-,-,-,-,-,-,-,-,-,-,-
2021-09-13 02:40:00,19.8,19.8,19.7,-,-,-,-,-,-,-,-,-,94.1,94.3,94.0,-,-,-,-,-,-,-,-,-,19.0,19.0,19.0,570.8,576.0,566.0,-,-,-,-,-,-,-,-,-,-,-,-,-,-,-,-,-,-,-,-,-
2021-09-13 02:30:00,19.8,19.9,19.8,-,-,-,-,-,-,-,-,-,94.1,94.2,94.1,-,-,-,-,-,-,-,-,-,19.0,19.0,19.0,563.5,569.0,558.0,-,-,-,-,-,-,-,-,-,-,-,-,-,-,-,-,-,-,-,-,-
2021-09-13 02:20:00,19.9,19.9,19.9,-,-,-,-,-,-,-,-,-,94.2,94.2,94.1,-,-,-,-,-,-,-,-,-,19.0,19.0,19.0,566.0,570.0,561.0,-,-,-,-,-,-,-,-,-,-,-,-,-,-,-,-,-,-,-,-,-
2021-09-13 02:10:00,19.9,19.9,19.9,-,-,-,-,-,-,-,-,-,94.2,94.3,94.1,-,-,-,-,-,-,-,-,-,19.0,19.0,19.0,562.9,567.0,557.0,-,-,-,-,-,-,-,-,-,-,-,-,-,-,-,-,-,-,-,-,-
2021-09-13 02:00:00,19.9,20.0,19.9,-,-,-,-,-,-,-,-,-,94.3,94.3,94.2,-,-,-,-,-,-,-,-,-,19.0,19.0,19.0,564.8,572.0,558.0,-,-,-,-,-,-,-,-,-,-,-,-,-,-,-,-,-,-,-,-,-
2021-09-13 01:50:00,19.9,20.0,19.9,-,-,-,-,-,-,-,-,-,94.2,94.3,94.1,-,-,-,-,-,-,-,-,-,19.0,19.0,19.0,567.3,573.0,563.0,-,-,-,-,-,-,-,-,-,-,-,-,-,-,-,-,-,-,-,-,-
2021-09-13 01:40:00,19.9,19.9,19.9,-,-,-,-,-,-,-,-,-,94.1,94.2,93.9,-,-,-,-,-,-,-,-,-,19.0,19.0,19.0,563.4,567.0,560.0,-,-,-,-,-,-,-,-,-,-,-,-,-,-,-,-,-,-,-,-,-
2021-09-13 01:30:00,19.9,20.0,19.9,-,-,-,-,-,-,-,-,-,93.8,94.0,93.7,-,-,-,-,-,-,-,-,-,19.0,19.0,19.0,567.2,574.0,564.0,-,-,-,-,-,-,-,-,-,-,-,-,-,-,-,-,-,-,-,-,-
2021-09-13 01:20:00,20.0,20.1,19.9,-,-,-,-,-,-,-,-,-,93.7,93.8,93.5,-,-,-,-,-,-,-,-,-,19.0,19.0,19.0,565.3,570.0,562.0,-,-,-,-,-,-,-,-,-,-,-,-,-,-,-,-,-,-,-,-,-
2021-09-13 01:10:00,20.1,20.2,20.1,-,-,-,-,-,-,-,-,-,93.5,93.6,93.4,-,-,-,-,-,-,-,-,-,19.0,19.0,18.9,556.1,565.0,551.0,-,-,-,-,-,-,-,-,-,-,-,-,-,-,-,-,-,-,-,-,-
2021-09-13 01:00:00,20.3,20.4,20.2,-,-,-,-,-,-,-,-,-,93.4,93.5,93.3,-,-,-,-,-,-,-,-,-,18.9,19.0,18.9,555.1,560.0,549.0,-,-,-,-,-,-,-,-,-,-,-,-,-,-,-,-,-,-,-,-,-
2021-09-13 00:50:00,20.5,20.6,20.4,-,-,-,-,-,-,-,-,-,93.6,94.0,93.4,-,-,-,-,-,-,-,-,-,19.6,20.0,18.9,556.3,562.0,553.0,-,-,-,-,-,-,-,-,-,-,-,-,-,-,-,-,-,-,-,-,-
2021-09-13 00:40:00,20.4,20.5,20.4,-,-,-,-,-,-,-,-,-,93.9,94.0,93.8,-,-,-,-,-,-,-,-,-,19.4,20.0,19.0,564.2,567.0,561.0,-,-,-,-,-,-,-,-,-,-,-,-,-,-,-,-,-,-,-,-,-
2021-09-13 00:30:00,20.4,20.5,20.4,-,-,-,-,-,-,-,-,-,93.6,93.8,93.4,-,-,-,-,-,-,-,-,-,19.2,20.0,19.0,561.1,565.0,554.0,-,-,-,-,-,-,-,-,-,-,-,-,-,-,-,-,-,-,-,-,-
2021-09-13 00:20:00,20.5,20.6,20.5,-,-,-,-,-,-,-,-,-,93.5,93.6,93.4,-,-,-,-,-,-,-,-,-,19.9,20.0,19.8,554.6,559.0,549.0,-,-,-,-,-,-,-,-,-,-,-,-,-,-,-,-,-,-,-,-,-
2021-09-13 00:10:00,20.6,20.6,20.6,-,-,-,-,-,-,-,-,-,93.8,94.0,93.5,-,-,-,-,-,-,-,-,-,20.0,20.0,20.0,560.7,566.0,557.0,-,-,-,-,-,-,-,-,-,-,-,-,-,-,-,-,-,-,-,-,-
2021-09-13 00:00:00,20.6,20.6,20.5,-,-,-,-,-,-,-,-,-,94.2,94.2,94.0,-,-,-,-,-,-,-,-,-,20.0,20.0,20.0,564.0,571.0,558.0,-,-,-,-,-,-,-,-,-,-,-,-,-,-,-,-,-,-,-,-,-
2021-09-12 23:50:00,20.4,20.5,20.3,-,-,-,-,-,-,-,-,-,94.2,94.3,94.2,-,-,-,-,-,-,-,-,-,19.2,20.0,19.0,572.4,574.0,570.0,-,-,-,-,-,-,-,-,-,-,-,-,-,-,-,-,-,-,-,-,-
2021-09-12 23:40:00,20.3,20.4,20.3,-,-,-,-,-,-,-,-,-,94.2,94.2,94.1,-,-,-,-,-,-,-,-,-,19.0,19.0,19.0,572.8,577.0,566.0,-,-,-,-,-,-,-,-,-,-,-,-,-,-,-,-,-,-,-,-,-
2021-09-12 23:30:00,20.2,20.3,20.1,-,-,-,-,-,-,-,-,-,94.1,94.2,94.1,-,-,-,-,-,-,-,-,-,19.0,19.0,19.0,566.9,572.0,560.0,-,-,-,-,-,-,-,-,-,-,-,-,-,-,-,-,-,-,-,-,-
2021-09-12 23:20:00,20.0,20.1,19.9,-,-,-,-,-,-,-,-,-,93.9,94.2,93.6,-,-,-,-,-,-,-,-,-,19.0,19.0,19.0,552.4,566.0,541.0,-,-,-,-,-,-,-,-,-,-,-,-,-,-,-,-,-,-,-,-,-
2021-09-12 23:10:00,19.9,19.9,19.9,-,-,-,-,-,-,-,-,-,93.5,93.6,93.3,-,-,-,-,-,-,-,-,-,19.0,19.0,18.9,539.1,548.0,528.0,-,-,-,-,-,-,-,-,-,-,-,-,-,-,-,-,-,-,-,-,-
2021-09-12 23:00:00,19.9,20.0,19.9,-,-,-,-,-,-,-,-,-,93.3,93.4,93.2,-,-,-,-,-,-,-,-,-,18.9,18.9,18.9,526.4,530.0,519.0,-,-,-,-,-,-,-,-,-,-,-,-,-,-,-,-,-,-,-,-,-
2021-09-12 22:50:00,20.1,20.1,20.0,-,-,-,-,-,-,-,-,-,93.1,93.3,92.9,-,-,-,-,-,-,-,-,-,18.9,18.9,18.9,526.3,528.0,525.0,-,-,-,-,-,-,-,-,-,-,-,-,-,-,-,-,-,-,-,-,-
2021-09-12 22:40:00,20.1,20.2,20.1,-,-,-,-,-,-,-,-,-,92.7,92.9,92.4,-,-,-,-,-,-,-,-,-,18.9,18.9,18.7,527.4,532.0,522.0,-,-,-,-,-,-,-,-,-,-,-,-,-,-,-,-,-,-,-,-,-
2021-09-12 22:30:00,20.3,20.4,20.2,-,-,-,-,-,-,-,-,-,92.4,92.6,92.3,-,-,-,-,-,-,-,-,-,18.8,18.9,18.7,515.2,531.0,506.0,-,-,-,-,-,-,-,-,-,-,-,-,-,-,-,-,-,-,-,-,-
2021-09-12 22:20:00,20.4,20.5,20.4,-,-,-,-,-,-,-,-,-,92.1,92.3,91.2,-,-,-,-,-,-,-,-,-,18.8,19.7,18.5,508.5,513.0,506.0,-,-,-,-,-,-,-,-,-,-,-,-,-,-,-,-,-,-,-,-,-
2021-09-12 22:10:00,20.6,20.7,20.5,-,-,-,-,-,-,-,-,-,91.8,92.2,91.0,-,-,-,-,-,-,-,-,-,19.6,19.7,19.5,504.8,510.0,500.0,-,-,-,-,-,-,-,-,-,-,-,-,-,-,-,-,-,-,-,-,-
2021-09-12 22:00:00,20.7,20.8,20.6,-,-,-,-,-,-,-,-,-,91.5,92.1,90.8,-,-,-,-,-,-,-,-,-,19.6,19.7,19.5,510.5,515.0,503.0,-,-,-,-,-,-,-,-,-,-,-,-,-,-,-,-,-,-,-,-,-
2021-09-12 21:50:00,20.8,20.9,20.8,-,-,-,-,-,-,-,-,-,90.8,91.7,90.4,-,-,-,-,-,-,-,-,-,19.5,19.7,19.3,505.4,513.0,499.0,-,-,-,-,-,-,-,-,-,-,-,-,-,-,-,-,-,-,-,-,-
2021-09-12 21:40:00,20.9,21.0,20.9,-,-,-,-,-,-,-,-,-,90.7,91.6,90.4,-,-,-,-,-,-,-,-,-,19.5,19.7,19.3,500.5,505.0,496.0,-,-,-,-,-,-,-,-,-,-,-,-,-,-,-,-,-,-,-,-,-
2021-09-12 21:30:00,21.0,21.0,20.9,-,-,-,-,-,-,-,-,-,90.7,91.5,90.3,-,-,-,-,-,-,-,-,-,19.5,19.7,19.3,503.6,507.0,501.0,-,-,-,-,-,-,-,-,-,-,-,-,-,-,-,-,-,-,-,-,-
2021-09-12 21:20:00,21.1,21.1,20.9,-,-,-,-,-,-,-,-,-,89.9,90.3,89.7,-,-,-,-,-,-,-,-,-,19.3,19.3,19.3,503.6,512.0,495.0,-,-,-,-,-,-,-,-,-,-,-,-,-,-,-,-,-,-,-,-,-
2021-09-12 21:10:00,21.3,21.4,21.1,-,-,-,-,-,-,-,-,-,89.7,89.7,89.6,-,-,-,-,-,-,-,-,-,19.3,19.3,19.3,498.9,503.0,495.0,-,-,-,-,-,-,-,-,-,-,-,-,-,-,-,-,-,-,-,-,-
2021-09-12 21:00:00,21.4,21.4,21.3,-,-,-,-,-,-,-,-,-,89.6,89.9,89.4,-,-,-,-,-,-,-,-,-,19.2,19.3,19.1,493.7,498.0,489.0,-,-,-,-,-,-,-,-,-,-,-,-,-,-,-,-,-,-,-,-,-
2021-09-12 20:50:00,21.4,21.4,21.4,-,-,-,-,-,-,-,-,-,89.2,89.5,88.6,-,-,-,-,-,-,-,-,-,19.2,19.3,19.1,486.8,494.0,479.0,-,-,-,-,-,-,-,-,-,-,-,-,-,-,-,-,-,-,-,-,-
2021-09-12 20:40:00,21.6,21.7,21.4,-,-,-,-,-,-,-,-,-,88.4,88.6,88.3,-,-,-,-,-,-,-,-,-,19.8,20.1,19.1,482.7,486.0,479.0,-,-,-,-,-,-,-,-,-,-,-,-,-,-,-,-,-,-,-,-,-
2021-09-12 20:30:00,21.8,21.9,21.7,-,-,-,-,-,-,-,-,-,87.8,88.2,87.3,-,-,-,-,-,-,-,-,-,19.9,19.9,19.8,477.3,484.0,472.0,-,-,-,-,-,-,-,-,-,-,-,-,-,-,-,-,-,-,-,-,-
2021-09-12 20:20:00,22.1,22.2,21.9,-,-,-,-,-,-,-,-,-,87.2,87.4,87.0,-,-,-,-,-,-,-,-,-,19.8,19.8,19.8,468.9,474.0,465.0,-,-,-,-,-,-,-,-,-,-,-,-,-,-,-,-,-,-,-,-,-
2021-09-12 20:10:00,22.3,22.3,22.2,-,-,-,-,-,-,-,-,-,86.8,86.9,86.6,-,-,-,-,-,-,-,-,-,19.8,19.8,19.8,463.0,465.0,461.0,-,-,-,-,-,-,-,-,-,-,-,-,-,-,-,-,-,-,-,-,-
2021-09-12 20:00:00,22.4,22.5,22.3,-,-,-,-,-,-,-,-,-,86.3,86.7,85.9,-,-,-,-,-,-,-,-,-,19.8,20.5,19.6,464.6,468.0,461.0,-,-,-,-,-,-,-,-,-,-,-,-,-,-,-,-,-,-,-,-,-
2021-09-12 19:50:00,22.6,22.7,22.4,-,-,-,-,-,-,-,-,-,85.5,85.9,85.0,-,-,-,-,-,-,-,-,-,20.2,20.5,19.6,457.4,464.0,450.0,-,-,-,-,-,-,-,-,-,-,-,-,-,-,-,-,-,-,-,-,-
2021-09-12 19:40:00,22.9,23.0,22.7,-,-,-,-,-,-,-,-,-,84.7,84.9,84.5,-,-,-,-,-,-,-,-,-,20.4,20.4,20.4,444.6,448.0,441.0,-,-,-,-,-,-,-,-,-,-,-,-,-,-,-,-,-,-,-,-,-
2021-09-12 19:30:00,23.0,23.1,22.9,-,-,-,-,-,-,-,-,-,84.3,84.7,83.9,-,-,-,-,-,-,-,-,-,20.3,20.4,20.2,447.7,451.0,443.0,-,-,-,-,-,-,-,-,-,-,-,-,-,-,-,-,-,-,-,-,-
2021-09-12 19:20:00,23.2,23.3,23.0,-,-,-,-,-,-,-,-,-,83.3,83.8,82.6,-,-,-,-,-,-,-,-,-,20.1,20.2,20.0,444.3,448.0,436.0,-,-,-,-,-,-,-,-,-,-,-,-,-,-,-,-,-,-,-,-,-
2021-09-12 19:10:00,23.5,23.7,23.3,-,-,-,-,-,-,-,-,-,81.9,82.4,81.4,-,-,-,-,-,-,-,-,-,20.2,20.7,19.8,434.8,443.0,431.0,-,-,-,-,-,-,-,-,-,-,-,-,-,-,-,-,-,-,-,-,-
2021-09-12 19:00:00,23.9,24.1,23.7,-,-,-,-,-,-,-,-,-,80.5,81.3,79.8,-,-,-,-,-,-,-,-,-,20.5,20.6,20.4,427.2,432.0,421.0,-,-,-,-,-,-,-,-,-,-,-,-,-,-,-,-,-,-,-,-,-
2021-09-12 18:50:00,24.4,24.8,24.1,-,-,-,-,-,-,-,-,-,78.6,79.5,77.8,-,-,-,-,-,-,-,-,-,20.4,20.9,19.9,421.6,426.0,416.0,-,-,-,-,-,-,-,-,-,-,-,-,-,-,-,-,-,-,-,-,-
2021-09-12 18:40:00,25.0,25.3,24.8,-,-,-,-,-,-,-,-,-,77.3,78.0,76.9,-,-,-,-,-,-,-,-,-,20.8,20.9,20.7,416.5,420.0,414.0,-,-,-,-,-,-,-,-,-,-,-,-,-,-,-,-,-,-,-,-,-
2021-09-12 18:30:00,25.5,25.8,25.3,-,-,-,-,-,-,-,-,-,75.6,76.2,74.6,-,-,-,-,-,-,-,-,-,21.1,21.5,20.5,410.3,413.0,407.0,-,-,-,-,-,-,-,-,-,-,-,-,-,-,-,-,-,-,-,-,-
2021-09-12 18:20:00,25.9,26.2,25.8,-,-,-,-,-,-,-,-,-,73.8,74.9,72.5,-,-,-,-,-,-,-,-,-,21.0,21.2,20.8,407.5,415.0,402.0,-,-,-,-,-,-,-,-,-,-,-,-,-,-,-,-,-,-,-,-,-
2021-09-12 18:10:00,26.5,26.7,26.2,-,-,-,-,-,-,-,-,-,71.4,72.5,69.6,-,-,-,-,-,-,-,-,-,21.1,21.5,20.6,404.9,408.0,400.0,-,-,-,-,-,-,-,-,-,-,-,-,-,-,-,-,-,-,-,-,-
2021-09-12 18:00:00,27.0,27.2,26.8,-,-,-,-,-,-,-,-,-,70.0,70.7,69.1,-,-,-,-,-,-,-,-,-,21.1,21.3,20.8,402.0,406.0,397.0,-,-,-,-,-,-,-,-,-,-,-,-,-,-,-,-,-,-,-,-,-
2021-09-12 17:50:00,27.5,27.8,27.2,-,-,-,-,-,-,-,-,-,68.9,69.7,68.1,-,-,-,-,-,-,-,-,-,21.3,21.8,20.6,403.5,407.0,399.0,-,-,-,-,-,-,-,-,-,-,-,-,-,-,-,-,-,-,-,-,-
2021-09-12 17:40:00,28.0,28.1,27.8,-,-,-,-,-,-,-,-,-,66.3,67.4,65.7,-,-,-,-,-,-,-,-,-,21.2,21.3,21.1,402.0,405.0,399.0,-,-,-,-,-,-,-,-,-,-,-,-,-,-,-,-,-,-,-,-,-
2021-09-12 17:30:00,28.4,28.6,28.2,-,-,-,-,-,-,-,-,-,65.3,67.0,63.5,-,-,-,-,-,-,-,-,-,21.0,21.5,20.6,401.8,405.0,396.0,-,-,-,-,-,-,-,-,-,-,-,-,-,-,-,-,-,-,-,-,-
2021-09-12 17:20:00,28.7,28.8,28.6,-,-,-,-,-,-,-,-,-,64.0,64.8,63.4,-,-,-,-,-,-,-,-,-,21.6,21.8,21.3,400.5,405.0,397.0,-,-,-,-,-,-,-,-,-,-,-,-,-,-,-,-,-,-,-,-,-
2021-09-12 17:10:00,28.7,28.8,28.7,-,-,-,-,-,-,-,-,-,65.3,66.1,64.2,-,-,-,-,-,-,-,-,-,21.9,22.0,21.5,398.9,401.0,396.0,-,-,-,-,-,-,-,-,-,-,-,-,-,-,-,-,-,-,-,-,-
2021-09-12 17:00:00,28.8,28.9,28.8,-,-,-,-,-,-,-,-,-,64.8,66.1,64.0,-,-,-,-,-,-,-,-,-,21.7,22.0,21.5,401.4,404.0,398.0,-,-,-,-,-,-,-,-,-,-,-,-,-,-,-,-,-,-,-,-,-
2021-09-12 16:50:00,28.7,28.9,28.5,-,-,-,-,-,-,-,-,-,64.1,64.3,63.8,-,-,-,-,-,-,-,-,-,21.5,21.5,21.5,400.5,406.0,399.0,-,-,-,-,-,-,-,-,-,-,-,-,-,-,-,-,-,-,-,-,-
2021-09-12 16:40:00,28.4,28.4,28.3,-,-,-,-,-,-,-,-,-,63.2,64.2,61.5,-,-,-,-,-,-,-,-,-,20.4,20.6,20.1,394.6,402.0,389.0,-,-,-,-,-,-,-,-,-,-,-,-,-,-,-,-,-,-,-,-,-
2021-09-12 16:30:00,28.9,29.1,28.6,-,-,-,-,-,-,-,-,-,60.0,64.1,54.9,-,-,-,-,-,-,-,-,-,20.5,21.5,19.1,393.8,397.0,389.0,-,-,-,-,-,-,-,-,-,-,-,-,-,-,-,-,-,-,-,-,-
2021-09-12 16:20:00,28.9,29.0,28.8,-,-,-,-,-,-,-,-,-,55.3,56.1,53.7,-,-,-,-,-,-,-,-,-,19.3,19.4,18.8,395.8,400.0,393.0,-,-,-,-,-,-,-,-,-,-,-,-,-,-,-,-,-,-,-,-,-
2021-09-12 16:10:00,29.0,29.1,28.8,-,-,-,-,-,-,-,-,-,53.8,62.7,50.6,-,-,-,-,-,-,-,-,-,18.8,21.3,17.9,390.8,394.0,386.0,-,-,-,-,-,-,-,-,-,-,-,-,-,-,-,-,-,-,-,-,-
2021-09-12 16:00:00,29.0,29.4,28.8,-,-,-,-,-,-,-,-,-,60.7,63.7,57.7,-,-,-,-,-,-,-,-,-,20.7,21.5,19.9,388.5,391.0,386.0,-,-,-,-,-,-,-,-,-,-,-,-,-,-,-,-,-,-,-,-,-
2021-09-12 15:50:00,29.8,29.9,29.5,-,-,-,-,-,-,-,-,-,55.0,56.7,54.0,-,-,-,-,-,-,-,-,-,20.0,20.6,19.7,392.3,395.0,391.0,-,-,-,-,-,-,-,-,-,-,-,-,-,-,-,-,-,-,-,-,-
2021-09-12 15:40:00,30.0,30.1,29.9,-,-,-,-,-,-,-,-,-,53.3,55.7,51.3,-,-,-,-,-,-,-,-,-,19.5,20.3,18.8,390.4,395.0,388.0,-,-,-,-,-,-,-,-,-,-,-,-,-,-,-,-,-,-,-,-,-
2021-09-12 15:30:00,30.1,30.1,30.0,-,-,-,-,-,-,-,-,-,53.1,56.0,49.9,-,-,-,-,-,-,-,-,-,19.5,20.3,18.5,389.7,393.0,387.0,-,-,-,-,-,-,-,-,-,-,-,-,-,-,-,-,-,-,-,-,-
2021-09-12 15:20:00,29.6,30.0,29.3,-,-,-,-,-,-,-,-,-,54.3,54.9,53.8,-,-,-,-,-,-,-,-,-,19.4,20.0,18.8,391.7,395.0,389.0,-,-,-,-,-,-,-,-,-,-,-,-,-,-,-,-,-,-,-,-,-
2021-09-12 15:10:00,29.8,30.1,29.4,-,-,-,-,-,-,-,-,-,54.2,57.7,50.8,-,-,-,-,-,-,-,-,-,19.6,20.8,17.9,388.3,393.0,385.0,-,-,-,-,-,-,-,-,-,-,-,-,-,-,-,-,-,-,-,-,-
2021-09-12 15:00:00,30.0,30.2,29.8,-,-,-,-,-,-,-,-,-,55.3,58.5,52.6,-,-,-,-,-,-,-,-,-,20.1,21.1,19.4,387.9,393.0,385.0,-,-,-,-,-,-,-,-,-,-,-,-,-,-,-,-,-,-,-,-,-
2021-09-12 14:50:00,29.7,29.8,29.6,-,-,-,-,-,-,-,-,-,57.8,59.0,56.8,-,-,-,-,-,-,-,-,-,20.8,21.1,20.6,388.0,390.0,385.0,-,-,-,-,-,-,-,-,-,-,-,-,-,-,-,-,-,-,-,-,-
2021-09-12 14:40:00,29.8,29.8,29.7,-,-,-,-,-,-,-,-,-,56.5,57.8,55.9,-,-,-,-,-,-,-,-,-,20.4,20.8,20.3,387.7,390.0,385.0,-,-,-,-,-,-,-,-,-,-,-,-,-,-,-,-,-,-,-,-,-
2021-09-12 14:30:00,29.8,29.9,29.8,-,-,-,-,-,-,-,-,-,56.8,58.1,55.4,-,-,-,-,-,-,-,-,-,20.5,20.8,20.0,389.9,393.0,385.0,-,-,-,-,-,-,-,-,-,-,-,-,-,-,-,-,-,-,-,-,-
2021-09-12 14:20:00,29.6,29.8,29.4,-,-,-,-,-,-,-,-,-,58.1,59.0,57.2,-,-,-,-,-,-,-,-,-,20.6,21.1,19.6,390.5,394.0,387.0,-,-,-,-,-,-,-,-,-,-,-,-,-,-,-,-,-,-,-,-,-
2021-09-12 14:10:00,29.3,29.3,29.1,-,-,-,-,-,-,-,-,-,59.3,60.9,57.8,-,-,-,-,-,-,-,-,-,20.3,20.7,19.9,392.4,394.0,389.0,-,-,-,-,-,-,-,-,-,-,-,-,-,-,-,-,-,-,-,-,-
2021-09-12 14:00:00,29.3,29.4,29.2,-,-,-,-,-,-,-,-,-,60.0,61.1,59.4,-,-,-,-,-,-,-,-,-,20.5,20.7,20.2,391.0,398.0,387.0,-,-,-,-,-,-,-,-,-,-,-,-,-,-,-,-,-,-,-,-,-
2021-09-12 13:50:00,29.4,29.4,29.3,-,-,-,-,-,-,-,-,-,59.6,60.2,58.7,-,-,-,-,-,-,-,-,-,20.4,20.5,20.2,391.7,396.0,388.0,-,-,-,-,-,-,-,-,-,-,-,-,-,-,-,-,-,-,-,-,-
2021-09-12 13:40:00,29.6,29.8,29.5,-,-,-,-,-,-,-,-,-,60.5,61.8,58.9,-,-,-,-,-,-,-,-,-,21.5,21.9,21.1,388.6,392.0,384.0,-,-,-,-,-,-,-,-,-,-,-,-,-,-,-,-,-,-,-,-,-
2021-09-12 13:30:00,29.5,29.6,29.4,-,-,-,-,-,-,-,-,-,58.7,60.1,57.8,-,-,-,-,-,-,-,-,-,20.7,21.4,19.9,390.2,392.0,388.0,-,-,-,-,-,-,-,-,-,-,-,-,-,-,-,-,-,-,-,-,-
2021-09-12 13:20:00,29.5,29.6,29.3,-,-,-,-,-,-,-,-,-,58.3,60.3,56.6,-,-,-,-,-,-,-,-,-,20.6,21.1,20.2,390.5,392.0,387.0,-,-,-,-,-,-,-,-,-,-,-,-,-,-,-,-,-,-,-,-,-
2021-09-12 13:10:00,29.3,29.3,29.3,-,-,-,-,-,-,-,-,-,59.8,61.3,57.5,-,-,-,-,-,-,-,-,-,20.4,20.7,19.9,389.6,392.0,388.0,-,-,-,-,-,-,-,-,-,-,-,-,-,-,-,-,-,-,-,-,-
2021-09-12 13:00:00,29.2,29.4,29.1,-,-,-,-,-,-,-,-,-,59.6,61.3,58.2,-,-,-,-,-,-,-,-,-,20.4,20.7,19.9,392.4,394.0,391.0,-,-,-,-,-,-,-,-,-,-,-,-,-,-,-,-,-,-,-,-,-
2021-09-12 12:50:00,29.0,29.1,29.0,-,-,-,-,-,-,-,-,-,61.1,61.6,60.7,-,-,-,-,-,-,-,-,-,20.8,21.0,20.7,393.7,397.0,388.0,-,-,-,-,-,-,-,-,-,-,-,-,-,-,-,-,-,-,-,-,-
2021-09-12 12:40:00,28.8,28.8,28.7,-,-,-,-,-,-,-,-,-,62.7,63.6,60.5,-,-,-,-,-,-,-,-,-,21.2,21.5,20.7,393.1,397.0,391.0,-,-,-,-,-,-,-,-,-,-,-,-,-,-,-,-,-,-,-,-,-
2021-09-12 12:30:00,28.6,28.8,28.4,-,-,-,-,-,-,-,-,-,63.5,64.8,62.3,-,-,-,-,-,-,-,-,-,21.2,21.8,20.6,398.5,406.0,394.0,-,-,-,-,-,-,-,-,-,-,-,-,-,-,-,-,-,-,-,-,-
2021-09-12 12:20:00,28.2,28.3,28.1,-,-,-,-,-,-,-,-,-,64.1,64.7,63.3,-,-,-,-,-,-,-,-,-,20.6,20.8,20.3,398.9,403.0,396.0,-,-,-,-,-,-,-,-,-,-,-,-,-,-,-,-,-,-,-,-,-
2021-09-12 12:10:00,28.1,28.2,27.9,-,-,-,-,-,-,-,-,-,65.5,67.3,64.0,-,-,-,-,-,-,-,-,-,21.0,21.3,20.6,397.4,403.0,394.0,-,-,-,-,-,-,-,-,-,-,-,-,-,-,-,-,-,-,-,-,-
2021-09-12 12:00:00,27.6,27.8,27.4,-,-,-,-,-,-,-,-,-,67.1,68.0,66.5,-,-,-,-,-,-,-,-,-,21.3,21.6,20.6,406.4,409.0,403.0,-,-,-,-,-,-,-,-,-,-,-,-,-,-,-,-,-,-,-,-,-
2021-09-12 11:50:00,27.5,27.7,27.4,-,-,-,-,-,-,-,-,-,67.4,68.2,66.7,-,-,-,-,-,-,-,-,-,21.1,21.6,20.4,403.1,408.0,398.0,-,-,-,-,-,-,-,-,-,-,-,-,-,-,-,-,-,-,-,-,-
2021-09-12 11:40:00,27.4,27.6,27.1,-,-,-,-,-,-,-,-,-,68.7,69.7,68.1,-,-,-,-,-,-,-,-,-,21.2,21.8,20.6,403.8,407.0,400.0,-,-,-,-,-,-,-,-,-,-,-,-,-,-,-,-,-,-,-,-,-
2021-09-12 11:30:00,26.7,27.0,26.4,-,-,-,-,-,-,-,-,-,70.6,71.7,67.7,-,-,-,-,-,-,-,-,-,21.0,21.5,20.3,409.4,416.0,406.0,-,-,-,-,-,-,-,-,-,-,-,-,-,-,-,-,-,-,-,-,-
2021-09-12 11:20:00,26.5,26.6,26.4,-,-,-,-,-,-,-,-,-,71.9,72.3,71.1,-,-,-,-,-,-,-,-,-,21.1,21.5,20.3,416.9,422.0,411.0,-,-,-,-,-,-,-,-,-,-,-,-,-,-,-,-,-,-,-,-,-
2021-09-12 11:10:00,26.6,26.6,26.5,-,-,-,-,-,-,-,-,-,72.3,72.4,72.0,-,-,-,-,-,-,-,-,-,21.5,21.5,21.5,420.9,423.0,418.0,-,-,-,-,-,-,-,-,-,-,-,-,-,-,-,-,-,-,-,-,-
2021-09-12 11:00:00,26.6,26.7,26.5,-,-,-,-,-,-,-,-,-,72.8,73.3,72.4,-,-,-,-,-,-,-,-,-,21.8,21.8,21.5,418.8,423.0,413.0,-,-,-,-,-,-,-,-,-,-,-,-,-,-,-,-,-,-,-,-,-
2021-09-12 10:50:00,26.6,26.6,26.5,-,-,-,-,-,-,-,-,-,72.1,72.7,71.7,-,-,-,-,-,-,-,-,-,21.6,21.8,21.5,420.0,422.0,418.0,-,-,-,-,-,-,-,-,-,-,-,-,-,-,-,-,-,-,-,-,-
2021-09-12 10:40:00,26.2,26.5,26.0,-,-,-,-,-,-,-,-,-,73.6,74.9,72.7,-,-,-,-,-,-,-,-,-,21.0,21.8,20.8,422.3,426.0,419.0,-,-,-,-,-,-,-,-,-,-,-,-,-,-,-,-,-,-,-,-,-
2021-09-12 10:30:00,25.9,26.0,25.9,-,-,-,-,-,-,-,-,-,75.2,76.2,74.3,-,-,-,-,-,-,-,-,-,21.3,21.5,21.0,424.5,428.0,421.0,-,-,-,-,-,-,-,-,-,-,-,-,-,-,-,-,-,-,-,-,-
2021-09-12 10:20:00,25.8,26.0,25.6,-,-,-,-,-,-,-,-,-,76.4,77.3,75.7,-,-,-,-,-,-,-,-,-,21.6,21.7,21.5,427.3,430.0,423.0,-,-,-,-,-,-,-,-,-,-,-,-,-,-,-,-,-,-,-,-,-
2021-09-12 10:10:00,25.5,25.6,25.4,-,-,-,-,-,-,-,-,-,76.5,78.4,75.2,-,-,-,-,-,-,-,-,-,21.3,21.9,20.7,429.1,437.0,424.0,-,-,-,-,-,-,-,-,-,-,-,-,-,-,-,-,-,-,-,-,-
2021-09-12 10:00:00,25.3,25.4,25.3,-,-,-,-,-,-,-,-,-,77.3,78.1,76.3,-,-,-,-,-,-,-,-,-,20.8,20.9,20.5,432.6,439.0,427.0,-,-,-,-,-,-,-,-,-,-,-,-,-,-,-,-,-,-,-,-,-
2021-09-12 09:50:00,25.2,25.3,25.1,-,-,-,-,-,-,-,-,-,79.5,80.6,78.2,-,-,-,-,-,-,-,-,-,21.2,21.5,20.9,434.9,439.0,430.0,-,-,-,-,-,-,-,-,-,-,-,-,-,-,-,-,-,-,-,-,-
2021-09-12 09:40:00,25.1,25.3,24.9,-,-,-,-,-,-,-,-,-,79.5,80.4,78.5,-,-,-,-,-,-,-,-,-,21.2,21.3,21.1,435.9,438.0,433.0,-,-,-,-,-,-,-,-,-,-,-,-,-,-,-,-,-,-,-,-,-
2021-09-12 09:30:00,25.4,25.5,25.4,-,-,-,-,-,-,-,-,-,78.6,80.0,77.5,-,-,-,-,-,-,-,-,-,21.2,21.9,20.9,436.7,441.0,433.0,-,-,-,-,-,-,-,-,-,-,-,-,-,-,-,-,-,-,-,-,-
2021-09-12 09:20:00,25.5,25.7,25.3,-,-,-,-,-,-,-,-,-,77.3,78.4,76.2,-,-,-,-,-,-,-,-,-,21.4,21.9,20.9,435.6,439.0,432.0,-,-,-,-,-,-,-,-,-,-,-,-,-,-,-,-,-,-,-,-,-
2021-09-12 09:10:00,26.0,26.1,25.8,-,-,-,-,-,-,-,-,-,76.4,77.4,75.7,-,-,-,-,-,-,-,-,-,21.6,21.7,21.5,433.9,439.0,430.0,-,-,-,-,-,-,-,-,-,-,-,-,-,-,-,-,-,-,-,-,-
2021-09-12 09:00:00,25.8,26.0,25.6,-,-,-,-,-,-,-,-,-,78.2,78.8,77.4,-,-,-,-,-,-,-,-,-,22.0,22.1,21.7,439.0,441.0,437.0,-,-,-,-,-,-,-,-,-,-,-,-,-,-,-,-,-,-,-,-,-
2021-09-12 08:50:00,25.0,25.6,24.4,-,-,-,-,-,-,-,-,-,81.3,82.4,79.4,-,-,-,-,-,-,-,-,-,21.5,22.1,20.7,442.5,445.0,439.0,-,-,-,-,-,-,-,-,-,-,-,-,-,-,-,-,-,-,-,-,-
2021-09-12 08:40:00,24.0,24.4,23.6,-,-,-,-,-,-,-,-,-,84.4,85.2,83.0,-,-,-,-,-,-,-,-,-,21.2,21.3,20.9,443.1,446.0,441.0,-,-,-,-,-,-,-,-,-,-,-,-,-,-,-,-,-,-,-,-,-
2021-09-12 08:30:00,23.3,23.6,22.9,-,-,-,-,-,-,-,-,-,85.7,86.4,84.6,-,-,-,-,-,-,-,-,-,20.7,21.5,20.4,465.1,482.0,444.0,-,-,-,-,-,-,-,-,-,-,-,-,-,-,-,-,-,-,-,-,-
